ticker,cik,ceo,owner_cik,filed,traded,code,label,shares,value,avg_price,pct_of_holding,net_change,holding_after,residue,plan,other_codes,rows,unpriced_rows,securities,direct,form,accession,price_flag,url
SMR,1822966,John Hopkins,1913037,2026-03-03,2026-03-03,S,discretionary sale,82667,1010190.74,12.2200,41.3987,117018,117018,,discretionary,M,1,0,Class A Common Stock,D,4,0001822966-26-000029,,https://www.sec.gov/Archives/edgar/data/1822966/000182296626000029/wk-form4_1772584012.xml
SMR,1822966,John Hopkins,1913037,2025-05-16,2025-05-15,S,scheduled sale,26345,623375.39,23.6620,100.0000,-26345,0,0,plan,,1,0,Class A Common Stock,D,4,0001822966-25-000092,,https://www.sec.gov/Archives/edgar/data/1822966/000182296625000092/wk-form4_1747431779.xml
SMR,1822966,John Hopkins,1913037,2025-05-09,2025-05-08,S,discretionary sale,22674,379608.11,16.7420,46.2555,-22674,26345,0,discretionary,,1,0,Class A Common Stock,D,4,0001822966-25-000082,,https://www.sec.gov/Archives/edgar/data/1822966/000182296625000082/wk-form4_1746822234.xml
SMR,1822966,John Hopkins,1913037,2025-05-06,2025-05-05,S,scheduled sale,34675,589475.00,17.0000,41.4307,14344,49019,,plan,M,1,0,Class A Common Stock,D,4,0001822966-25-000080,,https://www.sec.gov/Archives/edgar/data/1822966/000182296625000080/wk-form4_1746576075.xml
SMR,1822966,John Hopkins,1913037,2025-03-06,2025-03-04,S,scheduled sale,76949,1117299.48,14.5200,68.9359,-76949,34675,0,plan,,1,0,Class A Common Stock,D,4,0001822966-25-000044,,https://www.sec.gov/Archives/edgar/data/1822966/000182296625000044/wk-form4_1741296271.xml
SMR,1822966,John Hopkins,1913037,2025-03-04,2025-03-03,S,discretionary sale,66502,1093691.89,16.4460,37.3342,76949,111624,,discretionary,M,1,0,Class A Common Stock,D,4,0001822966-25-000038,,https://www.sec.gov/Archives/edgar/data/1822966/000182296625000038/wk-form4_1741132237.xml
SMR,1822966,John Hopkins,1913037,2025-01-06,2025-01-02,S,exercise and sell,664568,11988806.72,18.0400,,0,34675,0,plan,M,1,0,Class A Common Stock,D,4,0001822966-25-000002,,https://www.sec.gov/Archives/edgar/data/1822966/000182296625000002/wk-form4_1736198121.xml
SMR,1822966,John Hopkins,1913037,2024-05-10,2024-05-08,S,discretionary sale,14345,86643.80,6.0400,29.2636,-14345,34675,0,discretionary,,1,0,Class A Common Stock,D,4,0001822966-24-000071,,https://www.sec.gov/Archives/edgar/data/1822966/000182296624000071/wk-form4_1715371765.xml
SMR,1822966,John Hopkins,1913037,2024-03-22,2024-03-22,S,discretionary sale,59768,251025.60,4.2000,100.0000,-59768,0,0,discretionary,,1,0,Class A Common Stock,D,4,0001822966-24-000041,,https://www.sec.gov/Archives/edgar/data/1822966/000182296624000041/wk-form4_1711147322.xml
SMR,1822966,John Hopkins,1913037,2024-03-01,2024-02-29,S,discretionary sale,13451,41926.77,3.1170,18.3709,25834,59768,,discretionary,M,1,0,Class A Common Stock,D,4,0001822966-24-000016,,https://www.sec.gov/Archives/edgar/data/1822966/000182296624000016/wk-form4_1709329085.xml
SMR,1822966,John Hopkins,1913037,2023-05-23,2023-05-22,S,discretionary sale,5053,40252.20,7.9660,12.9607,-5053,33934,0,discretionary,,1,0,Class A Common Stock,D,4,0001822966-23-000137,,https://www.sec.gov/Archives/edgar/data/1822966/000182296623000137/wk-form4_1684867674.xml
SMR,1822966,John Hopkins,1913037,2023-05-18,2023-05-17,S,discretionary sale,4919,39337.24,7.9970,11.2035,11421,38987,,discretionary,M,1,0,Class A Common Stock,D,4,0001822966-23-000131,,https://www.sec.gov/Archives/edgar/data/1822966/000182296623000131/wf-form4_168443620117359.xml
SMR,1822966,John Hopkins,1913037,2023-05-17,2023-05-16,S,discretionary sale,5114,41177.93,8.0520,11.5961,11421,38987,0,discretionary,M,1,0,Class A Common Stock,D,4,0001822966-23-000119,,https://www.sec.gov/Archives/edgar/data/1822966/000182296623000119/wf-form4_168435696240329.xml
