cik,ticker,ceo,owner_cik,date,form,accession,shares,shares_split_adjusted,outstanding,pct,traded,traded_value,unpriced_rows,unexplained,codes,groups,classes,restated,matches_panel
1895262,NE,Robert W. Eifler,1712228,2022-09-30,4,0000899243-22-032495,100791,100791,130840740,0.077,,,2,,AD,1,c-5,,TRUE
1895262,NE,Robert W. Eifler,1712228,2023-02-03,4,0001628280-23-002636,219093,219093,130840740,0.1675,118302,3034908.0,2,,FM,1,c-5,,TRUE
1895262,NE,Robert W. Eifler,1712228,2023-05-26,4,0001628280-23-019963,169093,169093,138629270,0.122,-50000,2010500.0,,,S,1,c-5,,TRUE
1895262,NE,Robert W. Eifler,1712228,2024-01-26,4,0001628280-24-002563,169093,169093,141054074,0.1199,,,,,,1,c-5,,TRUE
1895262,NE,Robert W. Eifler,1712228,2024-02-03,4,0001628280-24-003573,1071054,1071054,141054074,0.7593,901961,25145864.11,4,,FM,1,c-5,,TRUE
1895262,NE,Robert W. Eifler,1712228,2025-01-26,4,0001628280-25-002893,1081140,1081140,160370364,0.6742,10086,230604.3,1,,AF,1,c-5,,TRUE
1895262,NE,Robert W. Eifler,1712228,2025-01-30,4,0001628280-25-003556,1193653,1193653,160370364,0.7443,112513,2365200.0,1,,FM,1,c-5,,TRUE
1895262,NE,Robert W. Eifler,1712228,2025-02-03,4,0001628280-25-004057,1223797,1223797,160370364,0.7631,30144,615553.2,2,,FM,1,c-5,,TRUE
1895262,NE,Robert W. Eifler,1712228,2025-02-20,4,0001628280-25-006912,1236365,1236365,159191313,0.7767,12568,350018.8,,,P,1,c-5,,TRUE
1895262,NE,Robert W. Eifler,1712228,2026-01-26,4,0001895262-26-000013,1246450,1246450,158846719,0.7847,10085,240497.6,1,,FM,1,c-5,,TRUE
1895262,NE,Robert W. Eifler,1712228,2026-01-29,4,0001895262-26-000037,1246450,1246450,158846719,0.7847,,,,,,1,c-5,,TRUE
1895262,NE,Robert W. Eifler,1712228,2026-02-03,4,0001895262-26-000068,1274892,1274892,158846719,0.8026,28442,672352.08,2,,FM,1,c-5,,TRUE
1895262,NE,Robert W. Eifler,1712228,2026-02-12,4,0001895262-26-000084,1343828,1343828,159197398,0.8441,68936,1883006.7,1,,FM,1,c-5,,TRUE
1895262,NE,Robert W. Eifler,1712228,2026-03-18,4,0001895262-26-000102,1243828,1243828,159197398,0.7813,-100000,4661764.48,,,S,1,c-5,,TRUE
1895262,NE,Robert W. Eifler,1712228,2026-06-15,4,0001712228-26-000002,1193828,1193828,159545944,0.7483,-50000,2275389.58,,,S,1,c-5,,TRUE
